{
  "pa-l_enabled" : "1",
  "Drift.Targeting.activeSessionStartedAt" : "1560476929",
  "lastDriftSessionNumber" : "1",
  "pa-l" : "sid=npzdpx8o&sst=1560188655&sis=6&rv=1&r1=1",
  "ctxsa_pagevisits_1689668769.1559953929" : "{\"data\":{\"http:\/\/localhost:49481\/saas-service-descriptions.html\":\"2019-5-10 17:49:59\",\"http:\/\/localhost:49481\/agreements.html\":\"2019-5-10 17:50:32\"}}",
  "ctxsa_page_557a54dc-6436-42cf-9ab9-471548e5292b" : "{\"data\":{\"sa_uuid\":\"1577cf39-93f3-437f-ad61-0efb7e5020d6\",\"pages\":{\"localhost:49481\/agreements.html\":{\"url\":\"http:\/\/localhost:49481\/agreements.html\",\"product\":{},\"time\":0,\"datetime\":\"2019-5-10 6:43:30\"}},\"rules_applied\":{}}}",
  "Drift.Targeting.firstVisit" : "1560476929",
  "ctxsa_pagevisits_" : "{\"data\":{\"http:\/\/localhost:49481\/agreements.html\":\"2019-5-10 6:43:30\"}}",
  "ctxsa_page_e01614ec-965e-4636-8bf5-d0c7034d5df3" : "{\"data\":{\"sa_uuid\":\"18539402-4d79-47e7-bb94-0f3ddc83c0fe\",\"pages\":{\"localhost:49481\/saas-service-descriptions.html\":{\"url\":\"http:\/\/localhost:49481\/saas-service-descriptions.html\",\"product\":{},\"time\":0,\"datetime\":\"2019-5-10 17:49:59\"}},\"rules_applied\":{}}}",
  "Drift.Targeting.currentPageViewStarted" : "1560476929",
  "Drift.Targeting.referrerDomain" : "\"\"",
  "ctxsa_static_1689668769.1559953929" : "{\"data\":{\"client_id\":\"1689668769.1559953929\",\"device_id\":\"\",\"insight_sessions\":[null],\"evergage_ids\":[null],\"demandbase\":{},\"sa_uuid\":\"8258cb03-4c08-4016-a094-356072e325de\",\"geo\":{}}}",
  "Drift.Targeting.numberOfVisits" : "1",
  "Drift.Targeting.previousPage" : "\"\"",
  "ctxsa_page_22349629-0320-46d4-9cc4-00fe69d20d9f" : "{\"data\":{\"sa_uuid\":\"9e442066-817d-472c-be68-69bbbda3f5d7\",\"pages\":{\"localhost:49481\/agreements.html\":{\"url\":\"http:\/\/localhost:49481\/agreements.html\",\"product\":{},\"time\":0,\"datetime\":\"2019-5-10 17:50:17\"}},\"rules_applied\":{}}}",
  "Drift.Targeting.currentSessionStartedAt" : "1560476929",
  "Drift.Targeting.lastVisit" : "1560476929",
  "wistia" : "null",
  "ctxsa_page_42238beb-2127-4967-b7e7-880e4af46920" : "{\"data\":{\"sa_uuid\":\"81cbe2e3-63b3-4c6a-ab4d-589e62e3eca3\",\"pages\":{\"localhost:49481\/agreements.html\":{\"url\":\"http:\/\/localhost:49481\/agreements.html\",\"product\":{},\"time\":0,\"datetime\":\"2019-5-10 17:50:32\"}},\"rules_applied\":{}}}",
  "Drift.Targeting.currentReferrer" : "\"\"",
  "bundle-urls" : "{\"frameworks.css\":\"https:\/\/github.githubassets.com\/assets\/frameworks-a2fba223d5af91496cac70d4ec3624df.css\",\"github.css\":\"https:\/\/github.githubassets.com\/assets\/github-6556dfa9be535e551ffffaadfecdad99.css\"}",
  "Drift.Targeting.numberOfSessions" : "1",
  "ctxsa_page_e217d167-2e43-4e6e-9f9f-cb3a83d4e2c1" : "{\"data\":{\"sa_uuid\":\"85513b36-2775-4f23-8dc7-e8bdbe52ccb5\",\"pages\":{\"localhost:49481\/agreements.html\":{\"url\":\"http:\/\/localhost:49481\/agreements.html\",\"product\":{},\"time\":0,\"datetime\":\"2019-5-10 17:50:11\"}},\"rules_applied\":{}}}",
  "ctxsa_page_8b35b185-62fe-4296-b3f3-fd4ef9ed1739" : "{\"data\":{\"sa_uuid\":\"b7c71163-342f-44fc-af26-5f614e7e43b8\",\"pages\":{\"localhost:49481\/saas-service-descriptions.html\":{\"url\":\"http:\/\/localhost:49481\/saas-service-descriptions.html\",\"product\":{},\"time\":0,\"datetime\":\"2019-5-10 17:44:14\"}},\"rules_applied\":{}}}"
}