
{
  "status": 200,
  "msg": "Details successfully found.",
  "type": "0",
  "server_uesd": "whois.publicinterestregistry.net",
  "whois_name": "cyberfighter.org",
  "ip": "66.235.200.28",
  "formated_data": "<div class=\"table-responsive\"><table class=\"table table-bordered table-striped\"><tr class=\"heading_color\"><th colspan=\"2\">Raw Whois Data<\/th><\/tr><tr><td colspan=\"2\"><pre>Domain Name: CYBERFIGHTER.ORG\nRegistry Domain ID: \nRegistrar WHOIS Server: \nRegistrar URL: \nUpdated Date: 2019-05-28T02:19:55Z\nCreation Date: 2019-03-28T07:44:05Z\nRegistrar Registration Expiration Date: 2020-03-28T07:44:05Z\nRegistrar: PDR Ltd. d\/b\/a PublicDomainRegistry.com\nRegistrar IANA ID: 5041-DR\nDomain Status: clientTransferProhibited https:\/\/icann.org\/epp#clientTransferProhibited\nRegistry Registrant ID: Not Available From Registry\nRegistrant Name: Mohd Farez\nRegistrant Organization: cyberfighter.org\nRegistrant Street: Malaysia   \nRegistrant City: Labis\nRegistrant State\/Province: Johor\nRegistrant Postal Code: 85300\nRegistrant Country: MY\nRegistrant Phone: +60.60194853176\nRegistrant Phone Ext: \nRegistrant Fax: \nRegistrant Fax Ext: \nRegistrant Email: eysz7x@mailbox.org\nRegistry Admin ID: Not Available From Registry\nAdmin Name: Mohd Farez\nAdmin Organization: cyberfighter.org\nAdmin Street: Malaysia  \nAdmin City: Labis\nAdmin State\/Province: Johor\nAdmin Postal Code: 85300\nAdmin Country: MY\nAdmin Phone: +60.60194853176\nAdmin Phone Ext: \nAdmin Fax: \nAdmin Fax Ext: \nAdmin Email: eysz7x@mailbox.org\nRegistry Tech ID: Not Available From Registry\nTech Name: Mohd Farez\nTech Organization: cyberfighter.org\nTech Street: Malaysia  \nTech City: Labis\nTech State\/Province: Johor\nTech Postal Code: 85300\nTech Country: MY\nTech Phone: +60.60194853176\nTech Phone Ext: \nTech Fax: \nTech Fax Ext: \nTech Email: eysz7x@mailbox.org\nName Server: ns1.gatordns.com\nName Server: ns2.gatordns.net\nName Server: ns3.gatordns.org\nName Server: ns4.gatordns.io\nDNSSEC: Unsigned\nRegistrar Abuse Contact Email: \nRegistrar Abuse Contact Phone: \nURL of the ICANN WHOIS Data Problem Reporting System: http:\/\/wdprs.internic.net\/\n>>> Last update of WHOIS database: 2019-05-28T10:19:28Z <<<\n\nFor more information on Whois status codes, please visit https:\/\/icann.org\/epp\n\nRegistration Service Provided By: GATOR BY HOSTGATOR\n\nThe data in this whois database is provided to you for information purposes \nonly, that is, to assist you in obtaining information about or related to a \ndomain name registration record. We make this information available \"as is\",\nand do not guarantee its accuracy. By submitting a whois query, you agree \nthat you will use this data only for lawful purposes and that, under no \ncircumstances will you use this data to: \n(1) enable high volume, automated, electronic processes that stress or load \nthis whois database system providing you this information; or \n(2) allow, enable, or otherwise support the transmission of mass unsolicited, \ncommercial advertising or solicitations via direct mail, electronic mail, or \nby telephone. \nThe compilation, repackaging, dissemination or other use of this data is \nexpressly prohibited without prior written consent from us. The Registrar of \nrecord is PDR Ltd. d\/b\/a PublicDomainRegistry.com. \nWe reserve the right to modify these terms at any time. \nBy submitting this query, you agree to abide by these terms.\n\n\n<\/pre><\/td><\/tr><\/table><\/div>",
  "raw_data": "Domain Name: CYBERFIGHTER.ORG\nRegistry Domain ID: \nRegistrar WHOIS Server: \nRegistrar URL: \nUpdated Date: 2019-05-28T02:19:55Z\nCreation Date: 2019-03-28T07:44:05Z\nRegistrar Registration Expiration Date: 2020-03-28T07:44:05Z\nRegistrar: PDR Ltd. d\/b\/a PublicDomainRegistry.com\nRegistrar IANA ID: 5041-DR\nDomain Status: clientTransferProhibited https:\/\/icann.org\/epp#clientTransferProhibited\nRegistry Registrant ID: Not Available From Registry\nRegistrant Name: Mohd Farez\nRegistrant Organization: cyberfighter.org\nRegistrant Street: Malaysia   \nRegistrant City: Labis\nRegistrant State\/Province: Johor\nRegistrant Postal Code: 85300\nRegistrant Country: MY\nRegistrant Phone: +60.60194853176\nRegistrant Phone Ext: \nRegistrant Fax: \nRegistrant Fax Ext: \nRegistrant Email: eysz7x@mailbox.org\nRegistry Admin ID: Not Available From Registry\nAdmin Name: Mohd Farez\nAdmin Organization: cyberfighter.org\nAdmin Street: Malaysia  \nAdmin City: Labis\nAdmin State\/Province: Johor\nAdmin Postal Code: 85300\nAdmin Country: MY\nAdmin Phone: +60.60194853176\nAdmin Phone Ext: \nAdmin Fax: \nAdmin Fax Ext: \nAdmin Email: eysz7x@mailbox.org\nRegistry Tech ID: Not Available From Registry\nTech Name: Mohd Farez\nTech Organization: cyberfighter.org\nTech Street: Malaysia  \nTech City: Labis\nTech State\/Province: Johor\nTech Postal Code: 85300\nTech Country: MY\nTech Phone: +60.60194853176\nTech Phone Ext: \nTech Fax: \nTech Fax Ext: \nTech Email: eysz7x@mailbox.org\nName Server: ns1.gatordns.com\nName Server: ns2.gatordns.net\nName Server: ns3.gatordns.org\nName Server: ns4.gatordns.io\nDNSSEC: Unsigned\nRegistrar Abuse Contact Email: \nRegistrar Abuse Contact Phone: \nURL of the ICANN WHOIS Data Problem Reporting System: http:\/\/wdprs.internic.net\/\n>>> Last update of WHOIS database: 2019-05-28T10:19:28Z <<<\n\nFor more information on Whois status codes, please visit https:\/\/icann.org\/epp\n\nRegistration Service Provided By: GATOR BY HOSTGATOR\n\nThe data in this whois database is provided to you for information purposes \nonly, that is, to assist you in obtaining information about or related to a \ndomain name registration record. We make this information available \"as is\",\nand do not guarantee its accuracy. By submitting a whois query, you agree \nthat you will use this data only for lawful purposes and that, under no \ncircumstances will you use this data to: \n(1) enable high volume, automated, electronic processes that stress or load \nthis whois database system providing you this information; or \n(2) allow, enable, or otherwise support the transmission of mass unsolicited, \ncommercial advertising or solicitations via direct mail, electronic mail, or \nby telephone. \nThe compilation, repackaging, dissemination or other use of this data is \nexpressly prohibited without prior written consent from us. The Registrar of \nrecord is PDR Ltd. d\/b\/a PublicDomainRegistry.com. \nWe reserve the right to modify these terms at any time. \nBy submitting this query, you agree to abide by these terms.\n\n\n",
  "redirect": "https:\/\/whatismyip.live\/whois\/cyberfighter.org"
}

    